Location,Category,Business Name,Phone Number,Website URL,Rating,Review Count,Validation URL,Status Code,Load Time (s)
Nashik,cafe,Charlies Deck | Best Cafe In Nashik,077759 55509,https://charliesdeck.com/,4.5,811.0,https://charliesdeck.com/,Connection Error,0.01
Nashik,cafe,D’mora cafe & Bistro,,https://instagram.com/dmora_cafe?igshid=YmMyMTA2M2Y=,4.4,395.0,https://instagram.com/dmora_cafe?igshid=YmMyMTA2M2Y=,Connection Error,0.0
Nashik,cafe,Pilgrim | Multi - Roaster Speciality Coffee House,084598 39568,https://www.instagram.com/pilgrimcoffee.in/,4.4,135.0,https://www.instagram.com/pilgrimcoffee.in/,Connection Error,0.0
Nashik,cafe,FRIENDS Bistro,092704 82424,https://friendsbistro.in/,4.2,1445.0,https://friendsbistro.in/,Connection Error,0.0
Nashik,cafe,Drool Bakehouse,083808 92999,https://linktr.ee/droolbakehouse,4.7,418.0,https://linktr.ee/droolbakehouse,Connection Error,0.0
Nashik,cafe,Four Lost Cats,0253 403 5695,http://fourlostcats.com/,4.0,317.0,http://fourlostcats.com/,Connection Error,0.0
Nashik,cafe,Karmveer Amruttulya Cafe Pandit Colony Nashik,099222 58112,http://www.karmveeramruttulyaindia.com/,4.4,1125.0,http://www.karmveeramruttulyaindia.com/,Connection Error,0.0
Nashik,cafe,Lilly Cafe - First Boho Cafe In Nashik,,https://lillycafeshop.in/,4.1,160.0,https://lillycafeshop.in/,Connection Error,0.0
Nashik,cafe,Tealogy Cafe Nashik,099935 32169,https://tealogy.in/,4.5,141.0,https://tealogy.in/,Connection Error,0.0
Nashik,cafe,Cafe D Crush,085307 04141,https://www.facebook.com/D-Crush-Cafe-Resto-4141-310740532851264/,4.2,93.0,https://www.facebook.com/D-Crush-Cafe-Resto-4141-310740532851264/,Connection Error,0.0
Nashik,cafe,The Sidewalk Nashik,0253 664 4000,http://www.blvdnashik.com/,4.2,746.0,http://www.blvdnashik.com/,Connection Error,0.0
Nashik,cafe,Tales & Spirits Bistro,070286 76777,https://www.talesnspirits.com/order/nashik,4.3,3519.0,https://www.talesnspirits.com/order/nashik,Connection Error,0.0
Nashik,cafe,Inayat Cafe,072764 20222,http://inayatcafe.com/,4.0,2110.0,http://inayatcafe.com/,Connection Error,0.0
Nashik,cafe,Kokani Darbar Restaurant,091723 14866,http://www.kokanidarbar.com/,4.0,4716.0,http://www.kokanidarbar.com/,Connection Error,0.0
Nashik,cafe,"Domino's Pizza | Satvik Hotel, Nashik",1800 208 1234,https://www.dominos.co.in/store-location/nasik/shop-no-5-ground-floor-hotel-satvik-private-limited,3.8,2503.0,https://www.dominos.co.in/store-location/nasik/shop-no-5-ground-floor-hotel-satvik-private-limited,Connection Error,0.0
Nashik,cafe,Cafe black spoon,088884 15588,http://www.cafeblackspoon.com/,4.5,97.0,http://www.cafeblackspoon.com/,Connection Error,0.0
Nashik,cafe,Cafe Calido,0253 295 3777,https://sayajihotels.com/enrise-nashik/restaurant/all#caf-calido,4.1,50.0,https://sayajihotels.com/enrise-nashik/restaurant/all#caf-calido,Connection Error,0.0
Nashik,cafe,Tomato's Nashik Restaurant & Bar,090907 49091,http://tomatos.co.in/,4.2,709.0,http://tomatos.co.in/,Connection Error,0.0
Nashik,cafe,House of Gourmet,091455 55851,https://www.marriott.com/hotels/hotel-information/restaurant/iskcn-courtyard-nashik/,4.6,117.0,https://www.marriott.com/hotels/hotel-information/restaurant/iskcn-courtyard-nashik/,Connection Error,0.0
Nashik,cafe,Cozy Corner,,https://www.instagram.com/c0zzy.c0rn3r?utm_source=ig_web_button_share_sheet&igsh=ZDNlZDc0MzIxNw==,4.9,25.0,https://www.instagram.com/c0zzy.c0rn3r?utm_source=ig_web_button_share_sheet&igsh=ZDNlZDc0MzIxNw==,Connection Error,0.0
Nashik,cafe,Layerss Cafeteria,083088 82407,https://www.facebook.com/layersscafeteria,4.8,28.0,https://www.facebook.com/layersscafeteria,Connection Error,0.0
Nashik,cafe,BLVD Nashik,083800 39444,http://www.blvdnashik.com/,4.2,2273.0,http://www.blvdnashik.com/,Connection Error,0.0
Nashik,cafe,Green Bakes & Restaurant,070669 33933,http://www.greenbakesncafe.com/,4.2,396.0,http://www.greenbakesncafe.com/,Connection Error,0.0
Nashik,cafe,Caesar cafe,090287 70214,https://www.instagram.com/caesar_cafe__?igsh=MWIxN3BhdnAzOTMzcg==,4.4,22.0,https://www.instagram.com/caesar_cafe__?igsh=MWIxN3BhdnAzOTMzcg==,Connection Error,0.0
Nashik,cafe,Bakers & Beans Cafe,,http://www.neuroz.in/,5.0,4.0,http://www.neuroz.in/,Connection Error,0.0
Nashik,cafe,Naadbramha idli - Ashok Stambh (Nashik),096992 92753,https://www.naadbramha.com/,4.7,435.0,https://www.naadbramha.com/,Connection Error,0.0
Nashik,restro bar,Roof top kitchen & bar Nashik,095959 19525,https://roof-top-silk.vercel.app/,4.4,341.0,https://roof-top-silk.vercel.app/,Connection Error,0.0
Nashik,restro bar,Air Bar,088885 33555,https://www.instagram.com/the_airbar/profilecard/?igsh=NjBwc2p0bTl0cTRz,4.0,1055.0,https://www.instagram.com/the_airbar/profilecard/?igsh=NjBwc2p0bTl0cTRz,Connection Error,0.0
Nashik,restro bar,The Foundry,083800 39444,https://www.zomato.com/nashik/the-foundry-industrial-bar-sport-satpur,4.1,860.0,https://www.zomato.com/nashik/the-foundry-industrial-bar-sport-satpur,Connection Error,0.0
Nashik,restro bar,Le Bar Salon,,https://expressinnindia.com/nashik-dining/,4.9,77.0,https://expressinnindia.com/nashik-dining/,Connection Error,0.0
Nashik,restro bar,Topchi Brewing Outpost,080078 67244,https://topchi.in/,4.8,135.0,https://topchi.in/,Connection Error,0.0
Nashik,restro bar,Water Vibes bar and restaurant,096733 76555,https://watervibesrestaurant.in/,3.7,461.0,https://watervibesrestaurant.in/,Connection Error,0.0
Nashik,restro bar,Celestia Lounge - Nashik,,https://sayajihotels.com/enrise-nashik/restaurant/all#the-celestia-lounge-bar,3.8,19.0,https://sayajihotels.com/enrise-nashik/restaurant/all#the-celestia-lounge-bar,Connection Error,0.0
Nashik,restro bar,House of LE,085301 78383,https://airmenus.in/houseofle/order,4.8,312.0,https://airmenus.in/houseofle/order,Connection Error,0.0
Nashik,restro bar,NEW PUNJAB RESTO & BAR,089565 64949,https://wa.link/g1w924,3.9,496.0,https://wa.link/g1w924,Connection Error,0.0
Nashik,restro bar,Strato Restaurant & Bar,091455 55851,https://www.marriott.com/hotels/hotel-information/restaurant/iskcn-courtyard-nashik/,3.4,23.0,https://www.marriott.com/hotels/hotel-information/restaurant/iskcn-courtyard-nashik/,Connection Error,0.0
Nashik,restro bar,MAUKA THE BAR,075078 49668,https://www.instagram.com/,4.4,332.0,https://www.instagram.com/,Connection Error,0.0
Nashik,restro bar,Red Chilly Spirits N Spices,084540 80808,https://www.facebook.com/spiritsandspicesnashik,4.2,1940.0,https://www.facebook.com/spiritsandspicesnashik,Connection Error,0.0
Nashik,restro bar,Thyme & Whisk - Best Pure Veg Fine Dine Restaurant & Bar In Nashik,097260 00068,https://trinetraventure.com/thymeandwhisk.html,4.7,1318.0,https://trinetraventure.com/thymeandwhisk.html,Connection Error,0.0
Nashik,restro bar,Aura Family Restaurant & Multi Cuisine Resto-Bar,075175 11170,https://www.instagram.com/auranashik?utm_source=ig_web_button_share_sheet&igsh=ZDNlZDc0MzIxNw==,4.1,38.0,https://www.instagram.com/auranashik?utm_source=ig_web_button_share_sheet&igsh=ZDNlZDc0MzIxNw==,Connection Error,0.0
Nashik,restro bar,Horizon Rooftop Restaurant,0253 295 3777,https://sayajihotels.com/enrise-nashik/restaurant/all#horizon,4.3,59.0,https://sayajihotels.com/enrise-nashik/restaurant/all#horizon,Connection Error,0.0
Nashik,restro bar,"Nandinee Woodlands, Nasiklub",088063 63050,http://www.nasiklub.in/,4.1,1561.0,http://www.nasiklub.in/,Connection Error,0.0
Nashik,restro bar,The Second Empire,090212 06725,https://thesecondempireluxurydining.com/,4.2,1864.0,https://thesecondempireluxurydining.com/,Connection Error,0.0
Nashik,restro bar,Barrel Tap Brewery - Express Inn,,https://expressinnindia.com/nashik-dining/,4.7,205.0,https://expressinnindia.com/nashik-dining/,Connection Error,0.0
Nashik,restro bar,The Smoked Vine,0253 664 4500,https://www.radissonhotels.com/en-us/hotels/radisson-blu-spa-nashik/restaurant-bar?cid=a:se+b:gmb+c:apac+i:local+e:rdb+d:ind+h:INMHISK1,4.1,113.0,https://www.radissonhotels.com/en-us/hotels/radisson-blu-spa-nashik/restaurant-bar?cid=a:se+b:gmb+c:apac+i:local+e:rdb+d:ind+h:INMHISK1,Connection Error,0.0
Nashik,restro bar,OriGin Nashik,093564 12002,http://gnbhospitality.in/,4.3,3417.0,http://gnbhospitality.in/,Connection Error,0.0
Nashik,restro bar,Garwa Hotel Nashik | Family Restobar & Banquet,091752 12929,https://www.garwahotel.com/,3.9,3288.0,https://www.garwahotel.com/,Connection Error,0.0
Nashik,restro bar,Palm Shells,079724 73769,http://www.palmshells.in/,3.9,1319.0,http://www.palmshells.in/,Connection Error,0.0
Nashik,restro bar,Nazrana The Resto Bar,088880 46600,http://www.hotelsevenheaven.com/,3.5,50.0,http://www.hotelsevenheaven.com/,Connection Error,0.0
Nashik,restro bar,Solterra Bar - Gateway Nashik,0253 669 2300,https://www.gateway-hotels.com/en-in/hotels/gateway-nashik/restaurants/solterra-gateway-nashik?utm_medium=Local&utm_source=Google&utm_campaign=Solterra,4.1,8.0,https://www.gateway-hotels.com/en-in/hotels/gateway-nashik/restaurants/solterra-gateway-nashik?utm_medium=Local&utm_source=Google&utm_campaign=Solterra,Connection Error,0.0
Nashik,restro bar,"Shree Rajbhog Thali, Mumbai Naka",090111 98765,http://www.shreerajbhogthali.com/,4.6,18734.0,http://www.shreerajbhogthali.com/,Connection Error,0.0
Nashik,restro bar,Hotel Grape City - Peshawari Restaurant,0253 245 6663,https://www.hotelgrapecity.com/,4.0,608.0,https://www.hotelgrapecity.com/,Connection Error,0.0
Nashik,restro bar,Courtyard by Marriott Nashik,0253 666 6555,https://www.marriott.com/en-us/hotels/iskcn-courtyard-nashik/overview/?scid=f2ae0541-1279-4f24-b197-a979c79310b0,4.3,3172.0,https://www.marriott.com/en-us/hotels/iskcn-courtyard-nashik/overview/?scid=f2ae0541-1279-4f24-b197-a979c79310b0,Connection Error,0.0
Nashik,restro bar,Somras Bar,033 6666 0000,https://www.tajhotels.com/en-in/taj/ambad-nashik/restaurants/solterra/?utm_medium=Local&utm_source=Google&utm_campaign=somras-bar-the-gateway-hotel-ambad-nashik,2.5,2.0,https://www.tajhotels.com/en-in/taj/ambad-nashik/restaurants/solterra/?utm_medium=Local&utm_source=Google&utm_campaign=somras-bar-the-gateway-hotel-ambad-nashik,Connection Error,0.0
Nashik,restro bar,Enrise by Sayaji Nashik,0253 295 3777,https://sayajihotels.com/enrise-nashik,4.2,3018.0,https://sayajihotels.com/enrise-nashik,Connection Error,0.0
Nashik,restro bar,Panorama at BLVD Nashik,0253 664 4000,http://www.blvdnashik.com/,4.2,611.0,http://www.blvdnashik.com/,Connection Error,0.0
Nashik,restro bar,Dum Factory Family Restaurant & Bar | Best Veg & Non Veg Family restaurant in Nashik,093567 16424,https://wa.link/ce6y90,3.2,11.0,https://wa.link/ce6y90,Connection Error,0.0
Nashik,restro bar,Vintage Asia - Courtyard By Marriott,,http://www.marriott.com/,3.5,12.0,http://www.marriott.com/,Connection Error,0.0
Nashik,fine dining restaurant,Verandaah Restaurant,090900 30101,https://www.instagram.com/verandaah_nashik?igsh=bm9rNWUwd21lbjAw,4.6,643.0,https://www.instagram.com/verandaah_nashik?igsh=bm9rNWUwd21lbjAw,Connection Error,0.0
Nashik,fine dining restaurant,"Krishna Leela Pure Veg Family Restaurant & Banquet Hall,",090964 74539,http://krishnaleelapureveg.com/,4.6,484.0,http://krishnaleelapureveg.com/,Connection Error,0.0
Nashik,fine dining restaurant,Namaste Chef by Asian Wok and Grill,073785 99999,https://namastechefawg.in/,4.5,1462.0,https://namastechefawg.in/,Connection Error,0.0
Nashik,fine dining restaurant,Bakes & Brews,091455 55851,https://www.marriott.com/hotels/hotel-information/restaurant/iskcn-courtyard-nashik/,4.5,28.0,https://www.marriott.com/hotels/hotel-information/restaurant/iskcn-courtyard-nashik/,Connection Error,0.0
Nashik,fine dining restaurant,PAL DHABA,072193 07668,http://www.paldhabanashik.com/,4.3,209.0,http://www.paldhabanashik.com/,Connection Error,0.0
Nashik,fine dining restaurant,Hotel Rama Heritage Pure Veg Restaurant,099237 53622,https://hotelramaheritage.com/,4.2,501.0,https://hotelramaheritage.com/,Connection Error,0.0
Nashik,fine dining restaurant,Brotein Bistro (Best Healthy Food Restaurant In Nashik),099229 69673,https://www.instagram.com/broteinbistro?igsh=OGQ5ZDc2ODk2ZA==&utm_source=qr,4.6,90.0,https://www.instagram.com/broteinbistro?igsh=OGQ5ZDc2ODk2ZA==&utm_source=qr,Connection Error,0.0
Nashik,fine dining restaurant,ASTER - MULTI-CUISINE RESTAURANT,088052 27777,https://www.expressinnindia.com/,4.5,755.0,https://www.expressinnindia.com/,Connection Error,0.0
Nashik,fine dining restaurant,Edke Biryani & Catering,099602 35585,http://www.edkebiryani.com/,4.8,236.0,http://www.edkebiryani.com/,Connection Error,0.0
Nashik,fine dining restaurant,Larive kitchen and cocktail,091122 77720,http://www.lariverestaurants.com/,4.3,325.0,http://www.lariverestaurants.com/,Connection Error,0.0
Nashik,fine dining restaurant,Ambrosia Restaurant,0253 665 2222,http://www.grandriohotels.com/,4.1,270.0,http://www.grandriohotels.com/,Connection Error,0.0
Nashik,fine dining restaurant,SPICE IT,0253 663 5555,https://all.accor.com/hotel/7347/index.en.shtml,4.0,108.0,https://all.accor.com/hotel/7347/index.en.shtml,Connection Error,0.0
Nashik,fine dining restaurant,The Five Elements Nashik Road,075591 88391,https://hotelkewalnashik.com/,4.0,266.0,https://hotelkewalnashik.com/,Connection Error,0.0
Nashik,fine dining restaurant,Hotel Radhakrishna,0253 235 1380,http://www.hotelradhakrishnanashik.com/,4.0,3320.0,http://www.hotelradhakrishnanashik.com/,Connection Error,0.0
Nashik,fine dining restaurant,Grills and More,095278 44888,https://www.instagram.com/_grillsand_more_?igsh=cW9vNDA0eml1dGls,4.4,206.0,https://www.instagram.com/_grillsand_more_?igsh=cW9vNDA0eml1dGls,Connection Error,0.0
Nashik,fine dining restaurant,Hotel Rama Heritage,,https://hotelramaheritage.com/,4.2,2998.0,https://hotelramaheritage.com/,Connection Error,0.0
Nashik,fine dining restaurant,Haldiram's,070300 00146,https://www.haldirams.com/,4.7,6666.0,https://www.haldirams.com/,Connection Error,0.0
Nashik,fine dining restaurant,Al Arabian Express ( College Road),073503 42685,http://alarabianexpress.com/,4.4,5849.0,http://alarabianexpress.com/,Connection Error,0.0
Nashik,fine dining restaurant,New Ruchira Family Garden Restaurant (Veg & Nonveg),082088 99134,http://newruchira.com/,4.0,310.0,http://newruchira.com/,Connection Error,0.0
Nashik,fine dining restaurant,Barbeque Nation - Nashik - City Centre Mall,080 6902 8738,https://www.barbequenation.com/restaurants/nashik/city-centre-mall?utm_source=GMB&utm_medium=nashik_city_centre_mall&utm_campaign=GMB_nashik_city_centre_mall,4.3,5882.0,https://www.barbequenation.com/restaurants/nashik/city-centre-mall?utm_source=GMB&utm_medium=nashik_city_centre_mall&utm_campaign=GMB_nashik_city_centre_mall,Connection Error,0.0
Nashik,fine dining restaurant,Kainaat - Zafar Bhai's Restaurant,098905 80333,https://youtube.com/@kebabspecialrestaurant?si=1D6eG72_zXPkyetp,4.4,156.0,https://youtube.com/@kebabspecialrestaurant?si=1D6eG72_zXPkyetp,Connection Error,0.0
Nashik,fine dining restaurant,DINGORE's Veg Curry | Veg Restaurant In Nashik,090281 85104,https://sites.google.com/view/dingoresvegcurry/dingors-veg-curry-Veg-Restaurant-In-Nashik?authuser=0,4.3,1464.0,https://sites.google.com/view/dingoresvegcurry/dingors-veg-curry-Veg-Restaurant-In-Nashik?authuser=0,Connection Error,0.0
Nashik,fine dining restaurant,The Soil Fine Dining Restaurant,079727 44103,https://thesoil.vip/,5.0,34.0,https://thesoil.vip/,Connection Error,0.0
Nashik,fine dining restaurant,Sadguru Pure Veg Family Restaurant Dhaba Jain food & Party Hall,076662 15463,https://sadgurupureveg.my.canva.site/,4.3,1983.0,https://sadgurupureveg.my.canva.site/,Connection Error,0.0
Nashik,fine dining restaurant,Amritsar Haveli Nashik,086699 88676,http://www.amritsarhaveligroup.com/,3.6,72.0,http://www.amritsarhaveligroup.com/,Connection Error,0.0
Nashik,fine dining restaurant,Citrine Restaurant - Gateway Nashik,0253 669 2328,https://www.gateway-hotels.com/en-in/hotels/gateway-nashik/restaurants/citrine-gateway-nashik?utm_medium=Local&utm_source=Google&utm_campaign=Citrine,3.9,66.0,https://www.gateway-hotels.com/en-in/hotels/gateway-nashik/restaurants/citrine-gateway-nashik?utm_medium=Local&utm_source=Google&utm_campaign=Citrine,Connection Error,0.0
Nashik,fine dining restaurant,Sadhana Chulivarchi Misal,080 4806 7352,http://www.sadhanamisal.com/,4.3,27233.0,http://www.sadhanamisal.com/,Connection Error,0.0
Nashik,fine dining restaurant,VIP Food Junction,099229 92451,https://linktr.ee/vipfoodjunction_guesthouse,3.8,106.0,https://linktr.ee/vipfoodjunction_guesthouse,Connection Error,0.0
Nashik,fine dining restaurant,The Five Elements Govind Nagar,080875 08601,https://hotelkewalnashik.com/theonehotelnashik/,4.2,214.0,https://hotelkewalnashik.com/theonehotelnashik/,Connection Error,0.0
Nashik,fine dining restaurant,Ambika Misal - Panchavati,0253 251 0436,https://www.instagram.com/ambika_misal?igsh=MXIyNzNncmhobnE0cw==,4.2,1305.0,https://www.instagram.com/ambika_misal?igsh=MXIyNzNncmhobnE0cw==,Connection Error,0.0
Nashik,premium bakery,"Theobroma Bakery and Cake Shop - Ashoka Marg, Nashik",081828 81881,https://order.theobroma.in/order/theobroma-ashoka-marg-nashik,4.7,620.0,https://order.theobroma.in/order/theobroma-ashoka-marg-nashik,Connection Error,0.0
Nashik,premium bakery,United Cakes Of Nashik,090965 76792,https://united-cakes-of-nashik.grexa.site/,4.5,141.0,https://united-cakes-of-nashik.grexa.site/,Connection Error,0.0
Nashik,premium bakery,Desserts by Guilty Pleasure,,https://instagram.com/desserts_by_guilty_pleasure?utm_medium=copy_link,4.9,231.0,https://instagram.com/desserts_by_guilty_pleasure?utm_medium=copy_link,Connection Error,0.0
Nashik,premium bakery,"Theobroma Bakery and Cake Shop - Untwadi Road, Nashik",081828 81881,https://order.theobroma.in/order/theobroma-untawadi-road-nasik,4.4,304.0,https://order.theobroma.in/order/theobroma-untawadi-road-nasik,Connection Error,0.0
Nashik,premium bakery,VM Enterprises - Cake Shop Nashik,075076 73173,http://www.vmbakers.com/,4.2,454.0,http://www.vmbakers.com/,Connection Error,0.0
Nashik,premium bakery,Monginis Cake Shop,089769 42048,https://cakeshops.monginis.net/monginis-cake-shop-delica-foods-cake-shop-dwarka-nashik-317388/Home?utm_source=locator&utm_medium=googleplaces,4.8,66.0,https://cakeshops.monginis.net/monginis-cake-shop-delica-foods-cake-shop-dwarka-nashik-317388/Home?utm_source=locator&utm_medium=googleplaces,Connection Error,0.0
Nashik,premium bakery,Puffs n Rolls,094053 04211,http://www.puffsnrolls.com/,4.2,519.0,http://www.puffsnrolls.com/,Connection Error,0.0
Nashik,premium bakery,Baker's Craft,082086 47816,https://bakerscrafts.in/,4.1,522.0,https://bakerscrafts.in/,Connection Error,0.0
Nashik,premium bakery,Sea-Sons Cakes N Bakers,095522 11363,https://instagram.com/seasons_cakes_n_bakers?igshid=z1mm167qi2zj,4.9,281.0,https://instagram.com/seasons_cakes_n_bakers?igshid=z1mm167qi2zj,Connection Error,0.0
Nashik,premium bakery,JD’S cakes,074209 20498,https://instagram.com/jds_cakedesigner?igshid=NTdlMDg3MTY=,4.6,179.0,https://instagram.com/jds_cakedesigner?igshid=NTdlMDg3MTY=,Connection Error,0.0
Nashik,premium bakery,FNP Cakes - Cake Shop in Nashik,096995 59445,https://www.fnp.com/cakes/nashik?utm_source=local&utm_medium=organic&utm_campaign=gmbcakes,4.9,28.0,https://www.fnp.com/cakes/nashik?utm_source=local&utm_medium=organic&utm_campaign=gmbcakes,Connection Error,0.0
Nashik,premium bakery,BROWNIE POINT NASHIK,072729 91144,http://www.browniepointnashik.com/,4.3,442.0,http://www.browniepointnashik.com/,Connection Error,0.0
Nashik,premium bakery,Monginis Cake Shop,086553 42584,https://cakeshops.monginis.net/monginis-cake-shop-df-indira-nagar-nashik-cake-shop-indira-nagar-nashik-473793/Home?utm_source=locator&utm_medium=googleplaces,4.8,60.0,https://cakeshops.monginis.net/monginis-cake-shop-df-indira-nagar-nashik-cake-shop-indira-nagar-nashik-473793/Home?utm_source=locator&utm_medium=googleplaces,Connection Error,0.0
Nashik,premium bakery,Jatra Bakers,086983 21009,https://sites.google.com/view/jatrabakers/,4.6,51.0,https://sites.google.com/view/jatrabakers/,Connection Error,0.0
Nashik,premium bakery,Truffle.Trip,072762 67647,https://instagram.com/truffle.trip?utm_medium=copy_link,4.5,87.0,https://instagram.com/truffle.trip?utm_medium=copy_link,Connection Error,0.0
Nashik,premium bakery,Toccata Cakes,090962 09991,http://www.toccata.in/,4.2,261.0,http://www.toccata.in/,Connection Error,0.0
Nashik,premium bakery,Puffs ‘n’ Rolls,070302 29911,https://puffsnrolls.com/,4.1,1050.0,https://puffsnrolls.com/,Connection Error,0.0
Nashik,premium bakery,Puffs n Rolls Bakery,0253 236 9911,http://www.puffsnrolls.com/,4.4,173.0,http://www.puffsnrolls.com/,Connection Error,0.0
Nashik,premium bakery,Vinis Cooking Institute,094231 19650,http://www.viniscookinginstitute.com/,4.9,899.0,http://www.viniscookinginstitute.com/,Connection Error,0.0
Nashik,premium bakery,Jahagirdar Foods Sharanpur Road Shop,088050 14324,https://jahagirdarfoods.com/about-jahagirdar-foods/,4.0,532.0,https://jahagirdarfoods.com/about-jahagirdar-foods/,Connection Error,0.0
Nashik,premium bakery,KABRAS BAKE WORLD,086001 51564,https://www.instagram.com/kabrasbakeworld?igsh=Z3hha2V0eG9ycXp3,4.4,53.0,https://www.instagram.com/kabrasbakeworld?igsh=Z3hha2V0eG9ycXp3,Connection Error,0.0
Nashik,premium bakery,Vedant Enterprises,096075 15883,https://vedantwholesale.com/,4.9,203.0,https://vedantwholesale.com/,Connection Error,0.0
Nashik,premium bakery,Jahagirdar Foods Factory And Factory Outlet,0253 235 2520,https://jahagirdarfoods.com/,4.3,155.0,https://jahagirdarfoods.com/,Connection Error,0.0
Nashik,premium bakery,The Belgian Waffle Co,086570 43204,https://thebelgianwaffle.co/,4.4,421.0,https://thebelgianwaffle.co/,Connection Error,0.0
Nashik,premium bakery,Monginis Cake Shop,084848 42899,https://www.monginis.net/,4.7,156.0,https://www.monginis.net/,Connection Error,0.0
Nashik,premium bakery,Dessert Villa - Nashik,,https://instagram.com/dessert_villa_cafe,4.5,126.0,https://instagram.com/dessert_villa_cafe,Connection Error,0.0
Nashik,premium bakery,Monginis Cake Shop,098227 88550,https://cakeshops.monginis.net/monginis-cake-shop-hama-enterprises-nashik-cake-shop-nashik-road-nashik-82490/Home?utm_source=locator&utm_medium=googleplaces,4.7,246.0,https://cakeshops.monginis.net/monginis-cake-shop-hama-enterprises-nashik-cake-shop-nashik-road-nashik-82490/Home?utm_source=locator&utm_medium=googleplaces,Connection Error,0.0
Nashik,premium bakery,WarmOven,088802 33233,http://www.warmoven.in/,4.1,30.0,http://www.warmoven.in/,Connection Error,0.0
Nashik,premium bakery,Toccata Chocolates & Cakes,090962 07771,http://www.toccata.in/,4.0,101.0,http://www.toccata.in/,Connection Error,0.0
Nashik,premium bakery,Monginis Cake Shop,087962 20676,https://cakeshops.monginis.net/monginis-cake-shop-santoshi-mata-enterprises-nashik-road-cake-shop-datta-mandir-road-nashik-82497/Home?utm_source=locator&utm_medium=googleplaces,4.4,244.0,https://cakeshops.monginis.net/monginis-cake-shop-santoshi-mata-enterprises-nashik-road-cake-shop-datta-mandir-road-nashik-82497/Home?utm_source=locator&utm_medium=googleplaces,Connection Error,0.0
Nashik,premium bakery,Cream Stone Nashik,088302 65082,https://www.instagram.com/creamstone.nsk?igsh=emRqdDk5aGx6ZjVq,4.5,104.0,https://www.instagram.com/creamstone.nsk?igsh=emRqdDk5aGx6ZjVq,Connection Error,0.0
Nashik,premium bakery,Kwality Sweets (GAIKWAD BANDHU'S),070381 00098,https://www.kwalitysweets.in/,4.4,1697.0,https://www.kwalitysweets.in/,Connection Error,0.0
Nashik,premium bakery,"Best kitchenette - Modular kitchen, Furniture company, Home furniture,kitchen trolly, Modular furniture Company in nashik",070580 82638,https://bestkitchenettes.com/,4.8,819.0,https://bestkitchenettes.com/,Connection Error,0.0
Nashik,premium bakery,Tom & Jerry dessert bowl,,https://www.instagram.com/tomandjerrydesertbowl?igsh=MXYwNW5qamM4MHQ5NQ==,5.0,4.0,https://www.instagram.com/tomandjerrydesertbowl?igsh=MXYwNW5qamM4MHQ5NQ==,Connection Error,0.0
Nashik,premium bakery,La Barista,098901 88651,https://www.instagram.com/labarista.nashik/,4.9,53.0,https://www.instagram.com/labarista.nashik/,Connection Error,0.0
Nashik,premium bakery,Starbucks,1860 266 0010,https://stores.starbucks.in/store-pages/starbucks-nashik-1/,4.9,39.0,https://stores.starbucks.in/store-pages/starbucks-nashik-1/,Connection Error,0.0
Nashik,premium bakery,The Belgian Waffle Co.,070211 04832,https://thebelgianwaffle.co/,4.7,64.0,https://thebelgianwaffle.co/,Connection Error,0.0
Nashik,specialty coffee shop,Chaha Pura,093707 67837,http://chahapura.com/,4.5,286.0,http://chahapura.com/,Connection Error,0.0
Nashik,specialty coffee shop,Purohit's cafe,097305 74449,https://www.instagram.com/its_purohitscafe?igsh=ZHNtY2p5amRtbjY3&utm_source=qr,4.9,55.0,https://www.instagram.com/its_purohitscafe?igsh=ZHNtY2p5amRtbjY3&utm_source=qr,Connection Error,0.0
Nashik,specialty coffee shop,"Adhira & Appa coffee, Nashik",,https://www.adhiraandappacoffee.com/,4.7,77.0,https://www.adhiraandappacoffee.com/,Connection Error,0.0
Nashik,specialty coffee shop,Food Costa | Pure Veg | Best Cafe College Road Nashik,062620 90993,https://www.foodcosta.com/,5.0,33.0,https://www.foodcosta.com/,Connection Error,0.0
Nashik,specialty coffee shop,Creamy Nuts Nashik,093254 69574,https://mywebside.in/Creamy-Nuts-Cafe-Nashik-,4.9,37.0,https://mywebside.in/Creamy-Nuts-Cafe-Nashik-,Connection Error,0.0
Nashik,specialty coffee shop,Cafe Creme,086983 52077,https://cafecreme.co.in/,4.0,446.0,https://cafecreme.co.in/,Connection Error,0.0
Nashik,specialty coffee shop,DREAMS CAFE,083291 41836,https://instagram.com/dreams_cafe_nashikroad?igshid=NGExMmI2YTkyZg==,4.9,39.0,https://instagram.com/dreams_cafe_nashikroad?igshid=NGExMmI2YTkyZg==,Connection Error,0.0
Nashik,specialty coffee shop,Global tea cafe Nashik,,http://www.globalteacafe.com/,4.7,33.0,http://www.globalteacafe.com/,Connection Error,0.0
Nashik,specialty coffee shop,Ammas Tiffin Kaapi®️,070202 34512,https://www.instagram.com/ammas_tiffin_kaapi?igsh=Y3ZjeW5oa290d3c2https://www.instagram.com/ammas_tiffin_kaapi?igsh=Y3ZjeW5oa290d3c2,4.5,1681.0,https://www.instagram.com/ammas_tiffin_kaapi?igsh=Y3ZjeW5oa290d3c2https://www.instagram.com/ammas_tiffin_kaapi?igsh=Y3ZjeW5oa290d3c2,Connection Error,0.0
Nashik,specialty coffee shop,Café Coffee Day,1800 102 5093,https://parijatnagar.cafecoffeeday.com/,4.1,1233.0,https://parijatnagar.cafecoffeeday.com/,Connection Error,0.0
Nashik,specialty coffee shop,Cafe Express,,https://www.cafe-express.com/,4.0,150.0,https://www.cafe-express.com/,Connection Error,0.0
Nashik,specialty coffee shop,De' koffiEstate,086239 03227,https://dekoffiestate.com/,4.4,111.0,https://dekoffiestate.com/,Connection Error,0.0
Nashik,dentist,Dr.Umale Dental Care,083770 01635,https://dentistinnashik.in/,4.9,162.0,https://dentistinnashik.in/,Connection Error,0.0
Nashik,dentist,OrthoSquare Dental Clinic,08071 820 835,https://dental-clinics.orthosquare.com/near-me/nashik/Samta-Nagar/orthosquare-dental-clinic-in-Samta-Nagar-nashik--2njpU6/home,4.8,487.0,https://dental-clinics.orthosquare.com/near-me/nashik/Samta-Nagar/orthosquare-dental-clinic-in-Samta-Nagar-nashik--2njpU6/home,Connection Error,0.0
Nashik,dentist,Dr. Saniya's Family Dental Clinic |,088066 55740,https://www.instagram.com/dr.saniyasfdc?igsh=MTJmcDljbDVibTd3bQ==,5.0,97.0,https://www.instagram.com/dr.saniyasfdc?igsh=MTJmcDljbDVibTd3bQ==,Connection Error,0.0
Nashik,dentist,Cosmodent Dental and Implant clinic- Best Dentist l Dental Implants Braces l E-Max Crowns,097661 20242,https://www.cosmodentnashik.com/,4.9,126.0,https://www.cosmodentnashik.com/,Connection Error,0.0
Nashik,dentist,Royals Dental Clinic and Implant Center,089897 32751,http://www.royaldental.vcareweb.com/,4.8,37.0,http://www.royaldental.vcareweb.com/,Connection Error,0.0
Nashik,dentist,Dr Patani Dental-Dental clinic in nashik-Best dentist in Nashik-Root canal Treatment/Invisible Braces/Dental Implants Nashik,079966 60043,https://drpatanidental.co.in/,4.9,171.0,https://drpatanidental.co.in/,Connection Error,0.0
Nashik,dentist,Dr.Bonde's Dental Speciality Clinic,087888 84522,http://www.nashikdentist.com/,5.0,1048.0,http://www.nashikdentist.com/,Connection Error,0.0
Nashik,dentist,Dr. Amit Chaudhari,097300 37166,https://dramitchaudhari5159.getmy.clinic/?utm_source=gmb&utm_medium=web&utm_campaign=tu,,,https://dramitchaudhari5159.getmy.clinic/?utm_source=gmb&utm_medium=web&utm_campaign=tu,Connection Error,0.0
Nashik,dentist,Care32 Dental & Implant Centre,098601 50251,https://care32dentalandimplant.com/,4.9,1016.0,https://care32dentalandimplant.com/,Connection Error,0.0
Nashik,dentist,Dr. Soham Doshi,072767 71234,https://gastroenterologyinstituteofnashik.com/,4.9,614.0,https://gastroenterologyinstituteofnashik.com/,Connection Error,0.0
Nashik,dentist,Orofit Dental Experts Clinic,0788 788 7616,http://www.orofitdentalexperts.com/,4.9,274.0,http://www.orofitdentalexperts.com/,Connection Error,0.0
Nashik,dentist,"Dr. Anagha | Dentist at Orthosquare | Nashik, Maharashtra",08071 820 835,https://dental-clinics.orthosquare.com/near-me/nashik/Samta-Nagar/orthosquare-dental-clinic-in-Samta-Nagar-nashik--2njpU6/home,,,https://dental-clinics.orthosquare.com/near-me/nashik/Samta-Nagar/orthosquare-dental-clinic-in-Samta-Nagar-nashik--2njpU6/home,Connection Error,0.0
Nashik,dentist,"Dental Design Clinic | Dentist Near Gangapur Rd, Nashik",090113 89665,https://dentaldesignnashik.com/,4.8,566.0,https://dentaldesignnashik.com/,Connection Error,0.0
Nashik,dentist,Dr. Naik's Shubh Smile Multispeciality Dental Clinic | Dr. Shubham Naik,074208 80118,https://dr-naiks-shubh-smile.grexa.site/,5.0,147.0,https://dr-naiks-shubh-smile.grexa.site/,Connection Error,0.0
Nashik,dentist,Anand Smile Dental Clinic | Dr. Anand N. Chopda & Dr. Anuradha A. Chopda | Panchavati Nashik,098602 78890,https://mymedisage.com/profile/912658,4.8,47.0,https://mymedisage.com/profile/912658,Connection Error,0.0
Nashik,dentist,Shri Krishna Dental Clinic,099233 90006,https://shri-krishna-dental-clin-pw3x0l5.gamma.site/,4.9,189.0,https://shri-krishna-dental-clin-pw3x0l5.gamma.site/,Connection Error,0.0
Nashik,dentist,Samadhan Dental Clinic,087939 90307,http://samadhandentalclinic.com/,5.0,77.0,http://samadhandentalclinic.com/,Connection Error,0.0
Nashik,dentist,Dr. Mahale Dental Clinic,084129 76565,http://www.drmahale.com/,4.9,157.0,http://www.drmahale.com/,Connection Error,0.0
Nashik,dentist,Dr.Bonde's Dental Speciality Clinic,098812 57003,http://www.nashikdentist.com/,5.0,1013.0,http://www.nashikdentist.com/,Connection Error,0.0
Nashik,dentist,Denmat Distributors,0253 250 2202,https://www.denmatdistributors.co.in/,4.9,50.0,https://www.denmatdistributors.co.in/,Connection Error,0.0
Nashik,dentist,The White Pearl Dental Clinic- Dentist in Nashik | Dr Suraj Tambe | Dr Sneha Tambe,077969 53777,https://thewhitepearlclinic.com/,5.0,179.0,https://thewhitepearlclinic.com/,Connection Error,0.0
Nashik,dentist,Dr. Apeksha Kasliwal - Dentist in Nashik | Dental clinic in Nashik,093255 72254,https://www.pushphospital.com/dental-clinic-in-nashik/,5.0,34.0,https://www.pushphospital.com/dental-clinic-in-nashik/,Connection Error,0.0
Nashik,dentist,Dento Facial Studio. | Dr. Prathamesh Dhore | Dr. Jui Sankhla Dhore,096990 39326,https://www.dentofacialstudio.com/,5.0,1.0,https://www.dentofacialstudio.com/,Connection Error,0.0
Nashik,dentist,Abbad Dentist in Nashik | Dental Clinic in Nashik,097134 35111,https://www.abbaddentalclinic.com/,4.9,432.0,https://www.abbaddentalclinic.com/,Connection Error,0.0
Nashik,dentist,Dr. Pallavi Gosavi - Best Dentist Nashik / Root Canal Specialist Nashik/ Smile Makeover doctor Nashik,098608 32872,https://drpallavigosavi.com/,5.0,264.0,https://drpallavigosavi.com/,Connection Error,0.0
Nashik,dentist,Yashwant Dental Clinic,099709 51075,https://yashwantdentalclinic.com/,4.4,13.0,https://yashwantdentalclinic.com/,Connection Error,0.0
Nashik,dentist,Elegant Dental Clinic,099757 11277,https://elegantdentalnsk.com/,5.0,111.0,https://elegantdentalnsk.com/,Connection Error,0.0
Nashik,dentist,Big Little Smiles Multispeciality Dental Clinic,,https://www.biglittlesmiles.in/,4.9,153.0,https://www.biglittlesmiles.in/,Connection Error,0.0
Nashik,dentist,SWASTIK SMILE CARE CENTRE,0253 297 2972,http://www.drsscc.com/,4.9,49.0,http://www.drsscc.com/,Connection Error,0.0
Nashik,dentist,Parth Dental Clinic,099756 41693,https://www.dentistnashik.com/,4.9,128.0,https://www.dentistnashik.com/,Connection Error,0.0
Nashik,dentist,Meghnand Dental Care & Implant Centre,095457 68866,http://www.implantcare.in/,5.0,275.0,http://www.implantcare.in/,Connection Error,0.0
Nashik,dentist,"Sankalp Multispeciality Dental Clinic, Panchavati",089996 37330,https://sites.google.com/view/sankalpmultispecialitydentalcl/home,5.0,124.0,https://sites.google.com/view/sankalpmultispecialitydentalcl/home,Connection Error,0.0
Nashik,dentist,Om Dental Clinic,082376 47413,http://omdentalnashik.com/,4.9,41.0,http://omdentalnashik.com/,Connection Error,0.0
Nashik,dentist,suhasya dental clinic,086007 86692,https://suhasyadentalclinic.com/,4.9,63.0,https://suhasyadentalclinic.com/,Connection Error,0.0
Nashik,dentist,"Dr. Abhijit Tambe Best Prosthodontist/ Dr. Renu best Dentist in Nashik @ Pearls 32 and You dental clinic, Ashokstambh",091567 83557,https://drabhijittambedentist.com/,4.9,40.0,https://drabhijittambedentist.com/,Connection Error,0.0
Nashik,dentist,Dr. Pravin R. Bonde,0253 251 6646,http://www.nashikdentist.com/,4.6,50.0,http://www.nashikdentist.com/,Connection Error,0.0
Nashik,dentist,Orofit Dental Experts,,http://www.orofitdentalexperts.com/,4.9,127.0,http://www.orofitdentalexperts.com/,Connection Error,0.0
Nashik,dentist,DR. MAHAJAN'S ADVANCED DENTAL CLINIC,070666 14321,https://mandarnk6.wixsite.com/mahajan6,4.9,379.0,https://mandarnk6.wixsite.com/mahajan6,Connection Error,0.0
Nashik,dentist,Glowdent Dental and Aesthetic Clinic -,093702 68662,https://glowdent.co.in/,5.0,5.0,https://glowdent.co.in/,Connection Error,0.0
Nashik,dentist,Dr. Aarti Bohora's Roots Dental Speciality Clinic,070200 54267,http://www.rootsdentalspeciality.com/,5.0,119.0,http://www.rootsdentalspeciality.com/,Connection Error,0.0
Nashik,dentist,Dr. MAHAJAN'S SARVADNYA DENTAL CARE CENTRE,099702 10283,https://drmahajandental.com/,4.9,401.0,https://drmahajandental.com/,Connection Error,0.0
Nashik,dentist,Trimurti Dental Clinic,094206 92977,https://book-appointment.healthplix.com/dr-swati-devre-cosmetic---dental-care-trimurti-chowk-nashik,5.0,1000.0,https://book-appointment.healthplix.com/dr-swati-devre-cosmetic---dental-care-trimurti-chowk-nashik,Connection Error,0.0
Nashik,dentist,Ramole Dental Clinic,095272 60774,https://ramoledental.com/,4.8,174.0,https://ramoledental.com/,Connection Error,0.0
Nashik,dentist,Smiley Family Dental Care - Best Dentist in Nashik | Root Canal | Implant | Orthodontist,090908 45353,https://smileyfamily.in/,4.9,60.0,https://smileyfamily.in/,Connection Error,0.0
Nashik,dentist,House Of Dentistry,079723 95875,https://www.houseofdentistrynasik.com/,5.0,109.0,https://www.houseofdentistrynasik.com/,Connection Error,0.0
Nashik,dentist,Dr Shweta Bachhav's Elite Dental care| Best Dental Clinic in nashik l Dental Implants In Nashik l Braces root canal in nashik,098228 73881,https://elitedentalcarenashik.com/,5.0,69.0,https://elitedentalcarenashik.com/,Connection Error,0.0
Nashik,dentist,Anjana Multispeciality Dental Clinic,085510 44987,https://anjanadentalclinic.com/,4.9,82.0,https://anjanadentalclinic.com/,Connection Error,0.0
Nashik,dentist,KIDS’ DENTISTREE (Child dental clinic)- Dr. Mohit B. Bhangdia,077096 93217,https://kidsdentistreenashik.in/,5.0,55.0,https://kidsdentistreenashik.in/,Connection Error,0.0
Nashik,dentist,Dr Shalaka’s Dental Clinic,088620 04497,http://www.drshalakadentalclinic.com/,5.0,42.0,http://www.drshalakadentalclinic.com/,Connection Error,0.0
Nashik,dentist,Sabka dentist,095290 25703,https://sabkadentist.com/dental-clinic-in-nashik/govind-nagar/,4.3,135.0,https://sabkadentist.com/dental-clinic-in-nashik/govind-nagar/,Connection Error,0.0
Nashik,dentist,Dattatreya Dental,094048 02070,https://dattatreyadental.com/,5.0,346.0,https://dattatreyadental.com/,Connection Error,0.0
Nashik,dentist,Smile Works Dental Clinic,091303 09060,https://www.smileworksnashik.com/,5.0,99.0,https://www.smileworksnashik.com/,Connection Error,0.0
Nashik,dentist,Raisoni Multispeciality Dental Centre,097661 22287,http://www.raisoniclinic.com/,5.0,21.0,http://www.raisoniclinic.com/,Connection Error,0.0
Nashik,dentist,Vasant Distributors & Lakshadeepam Traders,091756 72420,https://vasantdistributors.in/,4.6,76.0,https://vasantdistributors.in/,Connection Error,0.0
Nashik,dentist,"Apollo Dental Clinic, Panchvati | Best Dental Clinic in Nashik | Root Canals, Aligners, Implants, Crowns",088008 81347,https://apollodental.in/,4.0,4.0,https://apollodental.in/,Connection Error,0.0
Nashik,physiotherapist,PhysioPoint by Dr. Mahesh Shenoi | Best Physiotherapy & Chiropractic Clinic in Nashik,087884 39737,http://www.physiopointclinic.in/,4.9,277.0,http://www.physiopointclinic.in/,Connection Error,0.0
Nashik,physiotherapist,ABS Physiotherapy Clinic by Dr. Ankita Rahul Sonawane,083299 80254,https://absphysio.framer.ai/,5.0,78.0,https://absphysio.framer.ai/,Connection Error,0.0
Nashik,physiotherapist,𝗡𝘂𝗹𝘆𝗳𝗲 𝗥𝗼𝗯𝗼𝘁𝗶𝗰 𝗽𝗵𝘆𝘀𝗶𝗼𝘁𝗵𝗲𝗿𝗮𝗽𝘆 𝗮𝗻𝗱 𝗥𝗲𝗵𝗮𝗯𝗶𝗹𝗶𝘁𝗮𝘁𝗶𝗼𝗻 𝗖𝗲𝗻𝘁𝗿𝗲 - Best Physiotherapy Centre in Nashik,,https://www.instagram.com/nu_lyfe_nashik/?g=5,5.0,8.0,https://www.instagram.com/nu_lyfe_nashik/?g=5,Connection Error,0.0
Nashik,physiotherapist,Easywalk Physiotherapy Rehabilitation,079721 87511,http://www.easywalkphysiorehab.com/,4.9,115.0,http://www.easywalkphysiorehab.com/,Connection Error,0.0
Nashik,physiotherapist,Dr Mantri's Triguna -Best Physiotherapy and Rehabilitation Centre |Paralysis & Slip Disk | Brain Injury Treatment in Nashik,075078 14191,http://www.trigunaphysiotherapycenter.in/,5.0,381.0,http://www.trigunaphysiotherapycenter.in/,Connection Error,0.0
Nashik,physiotherapist,Dr. Neil Shah (PT) | Physiofortiuss Sports Rehab & Physiotherapy Clinic,,http://www.physiofortiuss.com/,5.0,11.0,http://www.physiofortiuss.com/,Connection Error,0.0
Nashik,physiotherapist,Dr. Aiman's physio Care,092269 97194,https://dr-aimans-physio-care.grexa.site/,5.0,15.0,https://dr-aimans-physio-care.grexa.site/,Connection Error,0.0
Nashik,physiotherapist,Shatayu Physiotherapy Clinic | Mumbai Naka,078881 11059,http://phyxiocare.com/,5.0,40.0,http://phyxiocare.com/,Connection Error,0.0
Nashik,physiotherapist,Physio Ergo Care - Best Physiotherapy in Nashik | Back and Neck Pain Specialist | Sports Physiotherapy Doctor,098902 77759,http://www.physioergocare.com/,5.0,27.0,http://www.physioergocare.com/,Connection Error,0.0
Nashik,physiotherapist,Zen Physio,090822 85493,http://www.zenphysio.in/,5.0,157.0,http://www.zenphysio.in/,Connection Error,0.0
Nashik,physiotherapist,NeuroPlus Physiotherapy & Rehabilitation Centre| Dr. Ankita Hase Bobade| The Best Physiotherapist in Nashik.,095521 48442,https://www.linkedin.com/in/dr-ankita-bobade-7a9a39151?utm_source=share&utm_campaign=share_via&utm_content=profile&utm_medium=ios_app,5.0,62.0,https://www.linkedin.com/in/dr-ankita-bobade-7a9a39151?utm_source=share&utm_campaign=share_via&utm_content=profile&utm_medium=ios_app,Connection Error,0.0
Nashik,physiotherapist,Shrey Physiotherapy Clinic| Best| Top Physiotherapy Centre | Clinic in Nashik,098222 11928,https://shreyphysioclinic.com/,4.8,22.0,https://shreyphysioclinic.com/,Connection Error,0.0
Nashik,physiotherapist,"Dr. Lajpatrai Mehra's Neurotherapy, Nashik",098813 47048,https://www.instagram.com/dr.ameetshimpi?igsh=dW56cDVkZWlucGFv,5.0,176.0,https://www.instagram.com/dr.ameetshimpi?igsh=dW56cDVkZWlucGFv,Connection Error,0.0
Nashik,physiotherapist,Nashik Physio Junction |Dr.Gayatri kathale Narode|Dr Gayatri's Ortho - Neuro Rehabilitation centre,077981 83182,https://www.nashikpaincarecentre.com/,5.0,17.0,https://www.nashikpaincarecentre.com/,Connection Error,0.0
Nashik,physiotherapist,Dr Mustafa's physio sportsrehab centre.,099308 86933,http://drmustafasphysio.com/,4.7,33.0,http://drmustafasphysio.com/,Connection Error,0.0
Nashik,physiotherapist,Aarmbh Physiotherapy Clinic & Visceral Osteopathy Clinic - Physiotherapist in Nashik | Back And Neck Pain Treatment In Nashik,098602 16161,http://aarmbhphysio.com/,4.5,54.0,http://aarmbhphysio.com/,Connection Error,0.0
Nashik,physiotherapist,Dr Jugal Patel's Bone and Joint Clinic,083691 98157,https://drjugalpatelortho.com/,4.9,46.0,https://drjugalpatelortho.com/,Connection Error,0.0
Nashik,physiotherapist,Dr. Himani Dalmia,070582 92335,https://drhimanidalmiapt.in/,4.9,18.0,https://drhimanidalmiapt.in/,Connection Error,0.0
Nashik,physiotherapist,Dr. Vikram Kishan's : Aditya Occupational Therapy & Rehab Centre,070388 59244,http://www.arc4kids.in/,5.0,14.0,http://www.arc4kids.in/,Connection Error,0.0
Nashik,physiotherapist,Reactive Physio Clinic,093725 13513,http://reactivephysio.in/,5.0,43.0,http://reactivephysio.in/,Connection Error,0.0
Nashik,physiotherapist,Zen Physio Nashik Road,098234 24365,https://www.zenphysio.in/,5.0,17.0,https://www.zenphysio.in/,Connection Error,0.0
Nashik,physiotherapist,DR PRATIKSHA PHYSIOTHERAPY CENTER,082638 56367,https://www.instagram.com/dr.pratikshaphysiotherapy?igsh=djZoMDU3ajh6cHpj,5.0,65.0,https://www.instagram.com/dr.pratikshaphysiotherapy?igsh=djZoMDU3ajh6cHpj,Connection Error,0.0
Nashik,physiotherapist,Dr. Pratik Khaire | ReAlign Physiotherapy Clinic | Best Physiotherapy Clinic,087670 78944,https://dr-pratik-khaire-realign.grexa.site/,5.0,33.0,https://dr-pratik-khaire-realign.grexa.site/,Connection Error,0.0
Nashik,physiotherapist,ANSSI Wellness | Nashik,090047 26844,https://www.anssiwellness.com/,4.8,95.0,https://www.anssiwellness.com/,Connection Error,0.0
Nashik,physiotherapist,ReCure Physiotherapy Osteopathy & Chiropractic Clinic,086000 22680,https://recureclinic.com/,4.9,38.0,https://recureclinic.com/,Connection Error,0.0
Nashik,physiotherapist,Sarovin Physio Care | Dr. Raveena Gade,095610 13107,https://sarovinphysiocare.com/,5.0,11.0,https://sarovinphysiocare.com/,Connection Error,0.0
Nashik,physiotherapist,Prime Physiotherapy Clinic,097634 89353,https://primephysiotherapyclinic.com/,5.0,56.0,https://primephysiotherapyclinic.com/,Connection Error,0.0
Nashik,physiotherapist,Dr Varshali Patil BPTH,040 6833 4455,https://www.medicoverhospitals.in/doctors/dr-varshali-patil?utm_source=google&utm_medium=organic&utm_campaign=gmb-dr-varshali-patil,5.0,1.0,https://www.medicoverhospitals.in/doctors/dr-varshali-patil?utm_source=google&utm_medium=organic&utm_campaign=gmb-dr-varshali-patil,Connection Error,0.0
Nashik,physiotherapist,Empower Expansion BEES,0253 231 4127,http://magicianpallavi.com/,4.8,93.0,http://magicianpallavi.com/,Connection Error,0.0
Nashik,physiotherapist,Arogyam Center For Orthopaedic And Sports Physiotherapy,095794 74242,https://www.instagram.com/arogyamcosp/,4.8,5.0,https://www.instagram.com/arogyamcosp/,Connection Error,0.0
Nashik,physiotherapist,Ashirwad Yog - Naturopathy & Physiotherapy Center,098906 56146,https://www.ashirwadync.com/,4.8,129.0,https://www.ashirwadync.com/,Connection Error,0.0
Nashik,physiotherapist,Trinity Ayurveda and Panchakarma Clinic,070203 30431,https://connectitapp.in/trinity-ayurveda,5.0,60.0,https://connectitapp.in/trinity-ayurveda,Connection Error,0.0
Nashik,physiotherapist,Addlife Multispeciality Physiotherapy Clinic for Adult & Pediatrics (Therapy & Learning centre),070207 18677,http://drhimanidalmiapt.in/,4.8,91.0,http://drhimanidalmiapt.in/,Connection Error,0.0
Nashik,physiotherapist,Dr. Pimprikar Hospital - Orthopedic Surgeon Nashik,0253 247 1512,https://www.pimprikarhospital.com/,4.7,234.0,https://www.pimprikarhospital.com/,Connection Error,0.0
Nashik,physiotherapist,Medinova Superspeciality Hospital Pvt. Ltd. | Best Hospital in Nashik | Orthopaedic Doctor in Nashik,095279 33471,https://www.medinovahospital.org/,4.9,53.0,https://www.medinovahospital.org/,Connection Error,0.0
Nashik,physiotherapist,Dr. Sanjana’s Neuro Physiotherapy Clinic,091683 04405,https://www.rehabilitationwithsanjana.in/,5.0,15.0,https://www.rehabilitationwithsanjana.in/,Connection Error,0.0
Nashik,physiotherapist,Vedika Physiotherapy Clinic,099226 66173,http://www.9922666173.com/,5.0,3.0,http://www.9922666173.com/,Connection Error,0.0
Nashik,physiotherapist,Physio Care Clinic | Physiotherapy in Nashik,070380 01541,https://physiocareclinic4.wordpress.com/,4.9,12.0,https://physiocareclinic4.wordpress.com/,Connection Error,0.0
Nashik,physiotherapist,"Dr Raj Taskar Acupuncture World | Cupping Therapy, Detoxification Therapy | Nashik, Maharashtra",080 4803 1859,http://www.rajtaskar.com/,4.8,251.0,http://www.rajtaskar.com/,Connection Error,0.0
Nashik,physiotherapist,Dr. Gayatri Joshi Sarkar - Expert Physiotherapist in Nashik | Advanced Physiotherapy Clinic in Nashik,084590 59634,https://sakshamclinicnashik.com/,5.0,9.0,https://sakshamclinicnashik.com/,Connection Error,0.0
Nashik,physiotherapist,Dr.Vishal Gunjal | Nashik Pain care Centre | Spine & Pain Specialist,094030 15887,http://www.nashikpaincarecentre.com/,4.8,578.0,http://www.nashikpaincarecentre.com/,Connection Error,0.0
Nashik,physiotherapist,Kelkar Hospital - Orthopaedic Hospital ! Robotic Joint Replacement | Knee Replacement Specialist in Nashik,0253 231 3308,http://www.kelkarhospital.org/,4.4,188.0,http://www.kelkarhospital.org/,Connection Error,0.0
Nashik,chiropractor,DR. SHUKLA ADVANCE PHYSIOTHERAPY AND CHIROPRACTIC CLINIC (MAIN BRANCH),070662 94302,https://drshuklaadvancecare.com/,5.0,153.0,https://drshuklaadvancecare.com/,Connection Error,0.0
Nashik,chiropractor,"Janki Spine Center | Best Chiropractor in Nashik, Pune | Acupuncture, Acupressure, Cupping, Chiropractic, Naturopathy Therapy",088307 25045,https://www.facebook.com/jankispinecenternashik,4.8,833.0,https://www.facebook.com/jankispinecenternashik,Connection Error,0.0
Nashik,chiropractor,Medicover Hospitals - Best Hospital in Nashik,040 6833 4455,https://www.medicoverhospitals.in/hospitals/maharashtra/nashik/?utm_source=google&utm_medium=organic&utm_campaign=gmb-nashik,4.8,23495.0,https://www.medicoverhospitals.in/hospitals/maharashtra/nashik/?utm_source=google&utm_medium=organic&utm_campaign=gmb-nashik,Connection Error,0.0
Nashik,chiropractor,✅𝗗𝗿. 𝗩𝗶𝘀𝗵𝗮𝗹 𝗦𝗮𝘄𝗮𝗹𝗲'𝘀 𝗡𝗲𝘂𝗿𝗼𝗣𝗹𝘂𝘀 𝗕𝗿𝗮𝗶𝗻 & 𝗦𝗽𝗶𝗻𝗲-Neurophysician/Stroke/Paralysis/Migraine/Epilepsy/Best Neurologist in Nashik,070039 50500,http://drvishalsawale.com/,4.9,920.0,http://drvishalsawale.com/,Connection Error,0.0
Nashik,chiropractor,Anima Wellness Centre| Best Chiropractic Treatment In Nashik| Ayurvedic Treatment In Nashik,077410 72942,http://www.animawellnesscentre.com/,4.8,4.0,http://www.animawellnesscentre.com/,Connection Error,0.0
Nashik,chiropractor,Dr Ninad Thorat |Stroke|Migraine|Headache|Seizure|Epilepsys|Spine|Neuropathy|Brain Specialist|Best Neurologist Nashik,096997 83386,https://drninadthoratneuro.com/,4.9,791.0,https://drninadthoratneuro.com/,Connection Error,0.0
Nashik,chiropractor,Medinova Super Speciality Hospital Pvt Ltd's Shatabdi Hospital,080 4275 5069,https://www.medinovahospital.org/,4.5,700.0,https://www.medinovahospital.org/,Connection Error,0.0
Nashik,chiropractor,Dr. Akhil Chaudhari,098606 31958,http://drakhilchaudhari.com/,5.0,57.0,http://drakhilchaudhari.com/,Connection Error,0.0
Nashik,chiropractor,Dr. Hemant Sonanis - Best Psychiatrist and Counselor in Nashik,080078 69220,http://www.manoday.in/,4.7,439.0,http://www.manoday.in/,Connection Error,0.0
Nashik,chiropractor,AROGYAM WELLNESS CENTER NASHIK,,https://arogyamwelness.in/,5.0,1.0,https://arogyamwelness.in/,Connection Error,0.0
Nashik,chiropractor,Divine Touch Holistic Healing Center,081492 45152,http://www.healwithdivinetouch.com/,4.5,12.0,http://www.healwithdivinetouch.com/,Connection Error,0.0
Nashik,chiropractor,PARINEETI AYURVEDIC HEALING CENTER AND ACADEMY,075170 44929,https://parineeti-ayurvedic.grexa.site/,5.0,4.0,https://parineeti-ayurvedic.grexa.site/,Connection Error,0.0
Nashik,homeopathy clinic,"Dr.Bhalke's ""HOMEOPATHIC CLINIC IN NASHIK""",080072 94075,http://www.jsdl.in/RSL-XZL1770836162,5.0,930.0,http://www.jsdl.in/RSL-XZL1770836162,Connection Error,0.0
Nashik,homeopathy clinic,Anamaya Homoeo Care Homeopathic Clinic - Best Homeopathy doctor in Nashik,094222 71954,https://www.anamayahomoeocare.com/,4.9,22.0,https://www.anamayahomoeocare.com/,Connection Error,0.0
Nashik,homeopathy clinic,"DR VASIM HOMEOPATHY CLINIC, NASHIK , MAHARASHTRA , INDIA",088059 41394,http://drvasim.com/,4.9,16.0,http://drvasim.com/,Connection Error,0.0
Nashik,homeopathy clinic,Dr.Ghongde Sanjivani Homoeopathy Clinic Pvt Ltd -Top Homeopathy |Best Homeopathy |Famous Homeopathy Doctor in Nashik,082758 54255,http://www.sanjivanihomeopathy.com/,4.9,1503.0,http://www.sanjivanihomeopathy.com/,Connection Error,0.0
Nashik,homeopathy clinic,Dr. Vaidya's Homeopathy Healing Center Nashik,074995 17569,https://www.drvaidyashomoeopathy.com/,5.0,98.0,https://www.drvaidyashomoeopathy.com/,Connection Error,0.0
Nashik,homeopathy clinic,Namma Homeopathy - Nashik,099000 91777,http://www.nammahomeopathy.com/,4.7,112.0,http://www.nammahomeopathy.com/,Connection Error,0.0
Nashik,homeopathy clinic,Navjeevan Advanced Homeopathy clinic,088888 30485,http://www.drbhosalehomoeopathy.com/,5.0,32.0,http://www.drbhosalehomoeopathy.com/,Connection Error,0.0
Nashik,homeopathy clinic,Dr Sunayana Agrawal (Homeopathy Doctor),099231 84030,http://www.drsunayana.com/,4.9,94.0,http://www.drsunayana.com/,Connection Error,0.0
Nashik,homeopathy clinic,Yogesh Clinic,098230 45452,http://www.nashikhomoeopathy.in/,4.9,29.0,http://www.nashikhomoeopathy.in/,Connection Error,0.0
Nashik,homeopathy clinic,Dr Yash Shrimali - Best Homeopathy Doctor in Nashik,093255 03432,https://dryashshrimali.com/,5.0,57.0,https://dryashshrimali.com/,Connection Error,0.0
Nashik,homeopathy clinic,Enlight Homoeopathic Clinic,097664 78223,http://www.enlightclinic.com/,4.5,6.0,http://www.enlightclinic.com/,Connection Error,0.0
Nashik,homeopathy clinic,Dr. Anuja's Homeopathic Clinic - Best Homeopathy Doctor in Nashik,075074 32555,http://www.homeopathdranuja.in/,4.9,71.0,http://www.homeopathdranuja.in/,Connection Error,0.0
Nashik,homeopathy clinic,Dr.Samta Gorhe (Arya Homeo Clinic),084469 92792,https://drsamtasandeepgorhe.getmy.clinic/?utm_source=gmb&utm_medium=web&utm_campaign=tu,4.8,42.0,https://drsamtasandeepgorhe.getmy.clinic/?utm_source=gmb&utm_medium=web&utm_campaign=tu,Connection Error,0.0
Nashik,homeopathy clinic,"Dr Batra's Homeopathy, Hair & Skin Clinic",070450 06060,https://clinics.drbatras.com/nashik/homeopathy-clinic-canada-corner.php,4.5,574.0,https://clinics.drbatras.com/nashik/homeopathy-clinic-canada-corner.php,Connection Error,0.0
Nashik,homeopathy clinic,The Healing Center - Best homeopathy clinic in nashik | Dr Yogesh jadhav : Best homeopathy doctor in Nashik,,https://www.thehealingcenter.in/,4.9,11.0,https://www.thehealingcenter.in/,Connection Error,0.0
Nashik,homeopathy clinic,"Modern Homeopathy, Best Homeopathic Clinic In Nashik.",097303 39009,http://www.modernhomeopathy.com/,4.4,120.0,http://www.modernhomeopathy.com/,Connection Error,0.0
Nashik,homeopathy clinic,"Wellness Forever Pharmacy - Bankar Chowk, Kathe Galli, Nashik",086556 83206,http://www.wellnessforever.com/,2.9,52.0,http://www.wellnessforever.com/,Connection Error,0.0
Nashik,homeopathy clinic,DR JITENDRA LUNKAD- M.D - CONSULTANT HOMOEOPATH (HOMEOPATHIC CLINIC) #*Best Homeopathic doctor in Nashik*,093207 46241,http://www.facebook.com/drlunkad,4.8,49.0,http://www.facebook.com/drlunkad,Connection Error,0.0
Nashik,homeopathy clinic,Dr Shweta Salunke's Happy Life Homoeopathy Clinic And Meditation Centre,080873 32349,https://drshwetasalunke.com/,4.9,77.0,https://drshwetasalunke.com/,Connection Error,0.0
Nashik,homeopathy clinic,𝗗𝗿. 𝗥𝗮𝘁𝗻𝗮𝘀 𝗛𝗼𝗺𝗲𝗼𝗽𝗮𝘁𝗵𝘆 -Best Homeopathy Doctor in Nashik |Top Homeopathy Clinic Near Me Nashik,093708 13914,https://drratnahomeopathy.magicqr.in/,5.0,58.0,https://drratnahomeopathy.magicqr.in/,Connection Error,0.0
Nashik,homeopathy clinic,Panacea Multispecialty Homeopathy Clinic - Best Homeopathy clinic | Dr Sadanand Wani : Best Homeopathy Doctor In Nashik,079729 84959,https://panacea-multispecialty.grexa.site/,4.9,108.0,https://panacea-multispecialty.grexa.site/,Connection Error,0.0
Nashik,homeopathy clinic,Raaya Homeopathic Clinic,094037 43025,http://www.raayahc.com/,5.0,108.0,http://www.raayahc.com/,Connection Error,0.0
Nashik,homeopathy clinic,Dr. Sabadra Homoeopathic Clinic,0253 257 3509,http://www.drsabadrahome.com/,4.7,69.0,http://www.drsabadrahome.com/,Connection Error,0.0
Nashik,homeopathy clinic,Dr. Aditi's Homeopathy Hair Clinic Nashik,091755 45545,https://www.draditis.com/,4.6,60.0,https://www.draditis.com/,Connection Error,0.0
Nashik,homeopathy clinic,Dr. Ghongde Sanjivani Homeopathy Clinic Pvt. Ltd. | Panchavati Nashik | Best Homeopathy Doctor in Nashik,094218 22255,https://sanjivanihomeopathy.com/,4.9,297.0,https://sanjivanihomeopathy.com/,Connection Error,0.0
Nashik,homeopathy clinic,Dr. Ghongde Sanjivani Homeopathy Clinic Pvt. Ltd | Nashik Road Branch | Best homeopathy Doctor in Nashik,082082 81234,https://sanjivanihomeopathy.com/,4.9,494.0,https://sanjivanihomeopathy.com/,Connection Error,0.0
Nashik,homeopathy clinic,Trueheal Homeopathy Clinic,,http://truehealhomeopathy.com/,5.0,18.0,http://truehealhomeopathy.com/,Connection Error,0.0
Nashik,homeopathy clinic,Dr. Madhura's Homeopathy Clinic,088282 66318,https://drmadhura.clinic/,5.0,19.0,https://drmadhura.clinic/,Connection Error,0.0
Nashik,homeopathy clinic,Patani Homoeopathic Clinic,094231 82799,http://www.pataniclinic.com/,5.0,99.0,http://www.pataniclinic.com/,Connection Error,0.0
Nashik,homeopathy clinic,Asher Homeopathic Clinic,084460 12817,http://www.asherclinic.com/,4.7,129.0,http://www.asherclinic.com/,Connection Error,0.0
Nashik,homeopathy clinic,DR.BHALKE'S HOMEOPATHY CLINIC IN NASHIK | BEST HOMEOPATHY DOCTOR IN NASHIK | BEST HOMEOPATHY TREATMENT NEAR ME IN NASHIK,,https://www.facebook.com/share/14iz2RptHn/,,,https://www.facebook.com/share/14iz2RptHn/,Connection Error,0.0
Nashik,homeopathy clinic,"Aastha Homeopathic Clinic, Center",090288 62013,http://migrainehomeopathiccure.com/,5.0,15.0,http://migrainehomeopathiccure.com/,Connection Error,0.0
Nashik,homeopathy clinic,HHF Academy & Research Institute,085302 26262,http://hhfacademy.org/,4.9,274.0,http://hhfacademy.org/,Connection Error,0.0
Nashik,homeopathy clinic,Dr. Azra Shaikh homoeopath,,https://drazrashaikh.com/,4.9,25.0,https://drazrashaikh.com/,Connection Error,0.0
Nashik,homeopathy clinic,"Dr.Bhattacharjee ,Homeopathic clinic ,Labs and research centre",,https://www.stratacare.myrx.in/,5.0,1.0,https://www.stratacare.myrx.in/,Connection Error,0.0
Nashik,homeopathy clinic,H3 Centre Of Classical Homeopathy,0253 231 6333,https://www.classicalhomeopathy.in/,4.8,25.0,https://www.classicalhomeopathy.in/,Connection Error,0.0
Nashik,homeopathy clinic,Dr. Shantanu Zalte Homoeopathy,075888 52590,https://zaltehomeopathy.info/,5.0,4.0,https://zaltehomeopathy.info/,Connection Error,0.0
